
insert into users (id, username, password, email, name, phone, job) values (1,'alamblot0', 'sV1@95', 'amacnockater0@auda.org.au', 'Abbey', '106-906-8341', 'Graphic Designer');
insert into users (id, username, password, email, name, phone, job) values (2,'ctarbin1', 'rI3|N|', 'ccorradengo1@cam.ac.uk', 'Crawford', '166-127-5418', 'Computer Systems Analyst II');
insert into users (id, username, password, email, name, phone, job) values (3,'deisikowitch2', 'yV6>,5G', 'dsmallacombe2@github.io', 'Duffie', '618-965-4933', 'General Manager');
insert into users (id, username, password, email, name, phone, job) values (4,'arichardes3', 'uA7''"(m', 'astanes3@guardian.co.uk', 'Angel', '204-230-2842', 'Cost Accountant');
insert into users (id, username, password, email, name, phone, job) values (5,'sextill4', 'oQ2\<8{1e', 'soswal4@goo.ne.jp', 'Sonja', '512-524-5012', 'Help Desk Technician');
insert into users (id, username, password, email, name, phone, job) values (6,'wtrask5', 'wF5%O,lW', 'wcromblehome5@woothemes.com', 'Winny', '880-986-6429', 'Business Systems Development Analyst');
insert into users (id, username, password, email, name, phone, job) values (7,'aabramcik6', 'aX4{A', 'aondricek6@biblegateway.com', 'Aleece', '166-451-7931', 'Business Systems Development Analyst');
insert into users (id, username, password, email, name, phone, job) values (8,'rkintzel7', 'lA7<,Y', 'rhannam7@yahoo.com', 'Richardo', '909-560-7606', 'Account Coordinator');
insert into users (id, username, password, email, name, phone, job) values (9,'kfeldmark8', 'gO8>uM', 'ktagg8@cdc.gov', 'Kynthia', '113-640-2191', 'Desktop Support Technician');
insert into users (id, username, password, email, name, phone, job) values (10,'afarland9', 'vJ5\X)G#{/', 'ajaimez9@oakley.com', 'Anya', '382-444-5810', 'Chemical Engineer');
insert into users (id, username, password, email, name, phone, job) values (11,'reeftinga', 'tG0~2X', 'rgrievea@archive.org', 'Rosemary', '126-195-4086', 'Senior Cost Accountant');
insert into users (id, username, password, email, name, phone, job) values (12,'dmethringhamb', 'pU6,UHX', 'dcullyb@ocn.ne.jp', 'Devlin', '896-121-3333', 'Assistant Media Planner');
insert into users (id, username, password, email, name, phone, job) values (13,'ltomanc', 'jT9''#R', 'lbrearleyc@stumbleupon.com', 'Lionel', '262-231-2438', 'Software Test Engineer IV');
insert into users (id, username, password, email, name, phone, job) values (14,'lkollasd', 'eZ0%bp=6LN', 'lseverwrightd@census.gov', 'Lucita', '817-406-3847', 'Registered Nurse');
insert into users (id, username, password, email, name, phone, job) values (15,'dpulvere', 'lI3@bJX', 'dgoblee@cargocollective.com', 'Doy', '637-462-4955', 'Statistician II');

INSERT INTO boards (id, title, description) values (1,'reviews', 'board');
INSERT INTO boards (id, title, description) values (2,'qna', 'board');

insert into posts (id, title, content, board_id, writer_id) values (1,'Highlander: The Source', 'Etiam pretium iaculis justo.', 1, 1);
insert into posts (id, title, content, board_id, writer_id) values (2,'Confessions of a Shopaholic', 'Nulla nisl.', 1, 2);
insert into posts (id, title, content, board_id, writer_id) values (3,'Crockdale', 'Cras mi pede, malesuada in, imperdiet et, commodo vulputate, justo.', 1, 3);
insert into posts (id, title, content, board_id, writer_id) values (4,'Spontaneous Combustion', 'Integer aliquet, massa id lobortis  vel accumsan tellus nisi eu orci.', 1, 4);
insert into posts (id, title, content, board_id, writer_id) values (5,'Bloodsport 2 (a.k.a. Bloodsport II: The Next Kumite)', 'Donec vitae nisi.', 1, 5);
insert into posts (id, title, content, board_id, writer_id) values (6,'Johnny Be Good', 'Suspendisse potenti.', 1, 6);
insert into posts (id, title, content, board_id, writer_id) values (7,'Willow', 'Fusce congue, diam id orna ut volutpat sapien arcu sed augue.', 1, 7);
insert into posts (id, title, content, board_id, writer_id) values (8,'Just Add Water', 'Nulla justo.', 1, 8);
insert into posts (id, title, content, board_id, writer_id) values (9,'Five and Ten', 'Etiam pretium iaculis justo.', 1, 9);
insert into posts (id, title, content, board_id, writer_id) values (10,'Hard Times', 'Nulla ac enim.', 1, 10);
insert into posts (id, title, content, board_id, writer_id) values (11,'Grateful Dead', 'Nam tristique tortor eu pede.', 1, 11);
insert into posts (id, title, content, board_id, writer_id) values (12,'22 Jump Street', 'Nulla ac enim.', 1, 12);
insert into posts (id, title, content, board_id, writer_id) values (13,'Balls Out: Gary the Tennis Coach', 'Nullam orc sodales sed, tincidunt eu, felis.', 1, 13);
insert into posts (id, title, content, board_id, writer_id) values (14,'Garbage Pail Kids Movie, The', 'Donec dapibus.', 1, 14);
insert into posts (id, title, content, board_id, writer_id) values (15,'Brown of Harvard', 'Etiam justo.', 1, 15);
insert into posts (id, title, content, board_id, writer_id) values (16,'Blink', 'Cum sociis natoque penatibus et magnis ient montes, nascetur ridiculus mus.', 1, 1);
insert into posts (id, title, content, board_id, writer_id) values (17,'Last Summer in the Hamptons', 'Morbi quis tortor ia ultrices aliquet.', 2, 2);
insert into posts (id, title, content, board_id, writer_id) values (18,'Music Box', 'Vivamus vestibulum sagittis sapien.', 2, 3);
insert into posts (id, title, content, board_id, writer_id) values (19,'Circle of Friends', 'Donec ut mauris eget massa tempor convallis.', 2, 4);
insert into posts (id, title, content, board_id, writer_id) values (20,'American in Paris, An', 'Nam nulla.', 2, 5);
insert into posts (id, title, content, board_id, writer_id) values (21,'Ward 13', 'Vestibulum sed magna at nunc commodo placerat.', 2, 6);
insert into posts (id, title, content, board_id, writer_id) values (22,'Feast II: Sloppy Seconds', 'Mauris ullamcorper purus sit amet nulla.', 2, 7);
insert into posts (id, title, content, board_id, writer_id) values (23,'Tuck Everlasting', 'Suspendisse potenti.', 2, 8);
insert into posts (id, title, content, board_id, writer_id) values (24,'Hava Nagila: The Movie', 'Mauris ullamcorper purus sit amet nulla.', 2, 9);
insert into posts (id, title, content, board_id, writer_id) values (25,'Mr. Jealousy', 'Donec quis orci eget orci vehicula condimentum.', 2, 10);
insert into posts (id, title, content, board_id, writer_id) values (26,'Barry Lyndon', 'Duis consequat dui nec nisi volutpat eleifend.', 2, 11);
insert into posts (id, title, content, board_id, writer_id) values (27,'Smile', 'Morbi non lectus.', 2, 12);
insert into posts (id, title, content, board_id, writer_id) values (28,'Mr. Robinson Crusoe', 'Donec dapibus.', 2, 13);
insert into posts (id, title, content, board_id, writer_id) values (29,'Mr. Wrong', 'Quisque porta volutpat erat.', 2, 14);
insert into posts (id, title, content, board_id, writer_id) values (30,'Arsène Lupin Returns', 'Fusce consequat.', 2, 15);
insert into posts (id, title, content, board_id, writer_id) values (31, 'The Wizar', 'Lorem ipsu', 1, 1);
insert into posts (id, title, content, board_id, writer_id) values (32, 'Gone with', 'Sed do eiu', 1, 2);
insert into posts (id, title, content, board_id, writer_id) values (33, 'Casablan', 'Ut enim ad', 1, 3);
insert into posts (id, title, content, board_id, writer_id) values (34, 'Citizen K', 'Duis aute ', 1, 4);
insert into posts (id, title, content, board_id, writer_id) values (35, 'The Wizar', 'Excepteur ', 1, 5);
insert into posts (id, title, content, board_id, writer_id) values (36, 'Psycho', 'Nemo enim', 1, 6);
insert into posts (id, title, content, board_id, writer_id) values (37, '2001: A S', 'Sed quia ', 1, 7);
insert into posts (id, title, content, board_id, writer_id) values (38, 'Sunset Bo', 'Ut enim ad', 1, 8);
insert into posts (id, title, content, board_id, writer_id) values (39, 'Star Wars', 'At vero eo', 1, 9);
insert into posts (id, title, content, board_id, writer_id) values (40, 'The Sound', 'Nam libero', 1, 10);
insert into posts (id, title, content, board_id, writer_id) values (41, 'E.T. the ', 'Temporibu', 1, 11);
insert into posts (id, title, content, board_id, writer_id) values (42, 'The Godfa', 'Itaque ea', 1, 12);
insert into posts (id, title, content, board_id, writer_id) values (43, 'Schindler', 'Lorem ips', 1, 13);
insert into posts (id, title, content, board_id, writer_id) values (44, 'Star Wars', 'Sed ut pe', 1, 14);
insert into posts (id, title, content, board_id, writer_id) values (45, 'Gone with', 'Nemo enim', 1, 15);
insert into posts (id, title, content, board_id, writer_id) values (46, 'The Shinin', 'Ut enim ad', 2, 1);
insert into posts (id, title, content, board_id, writer_id) values (47, 'Jurassic ', 'Duis aute', 2, 2);
insert into posts (id, title, content, board_id, writer_id) values (48, 'The Lion K', 'Ut enim ad', 2, 3);
insert into posts (id, title, content, board_id, writer_id) values (49, 'Toy Story', 'Duis aute', 2, 4);
insert into posts (id, title, content, board_id, writer_id) values (50, 'Finding N', 'Excepteur s', 2, 5);
insert into posts (id, title, content, board_id, writer_id) values (51, 'Frozen', 'Lorem ipsu', 2, 6);
insert into posts (id, title, content, board_id, writer_id) values (52, 'The Littl', 'Ut enim ad', 2, 7);
insert into posts (id, title, content, board_id, writer_id) values (53, 'Aladdin', 'Duis aute', 2, 8);
insert into posts (id, title, content, board_id, writer_id) values (54, 'Beauty an', 'Excepteur s', 2, 9);
insert into posts (id, title, content, board_id, writer_id) values (55, 'Moana', 'Lorem ipsu', 2, 10);
insert into posts (id, title, content, board_id, writer_id) values (56, 'Zootopia', 'Ut enim ad', 2, 11);
insert into posts (id, title, content, board_id, writer_id) values (57, 'Coco', 'Duis aute', 2, 12);
insert into posts (id, title, content, board_id, writer_id) values (58, 'The Incre', 'Excepteur s', 2, 13);
insert into posts (id, title, content, board_id, writer_id) values (59, 'Inside Ou', 'Lorem ipsu', 2, 14);
insert into posts (id, title, content, board_id, writer_id) values (60, 'Shrek', 'Ut enim ad', 2, 15);
insert into posts (id, title, content, board_id, writer_id) values (61,'Metus', 'Pede erat ultrices integer vestibulum nisi commodo venenatis..', 2, 1);
insert into posts (id, title, content, board_id, writer_id) values (62,'Mus', 'Quam maecenas eleifend vehicula ut himenaeos venenatis.', 2, 1);
insert into posts (id, title, content, board_id, writer_id) values (63,'Rutrum', 'Egestas pede suspendisse nullam phasellus ligula lectus ac vulputate aenean.', 2, 2);
insert into posts (id, title, content, board_id, writer_id) values (64,'Ipsum', 'Class facilisis hendrerit lobortis aliquam condimentum quis nec.', 2, 2);
insert into posts (id, title, content, board_id, writer_id) values (65,'Tellus', 'Conubia himenaeos curae sodales platea tincidunt et nisl duis lacus dignissim.', 2, 3);
insert into posts (id, title, content, board_id, writer_id) values (66,'Magna', 'Eleifend sem lobortis risus habitant sed pretium malesuada netus ipsum ut.', 2, 3);
insert into posts (id, title, content, board_id, writer_id) values (67,'Tortor', 'Sollicitudin aliquet ligula rutrum tempor nostra suscipit hac quis non fames.', 2, 4);
insert into posts (id, title, content, board_id, writer_id) values (68,'Vivamus', 'Consequat litora vestibulum platea rutrum nisi congue duis cras fermentum.', 2, 4);
insert into posts (id, title, content, board_id, writer_id) values (69,'IdCD', 'Convallis rutrum metus montes pretium feugiat integer pharetra massa.', 2, 5);
insert into posts (id, title, content, board_id, writer_id) values (70,'Scelerisque', 'At conubia laoreet ultrices arcu dictum imperdiet phasellus accumsan quis.', 2, 5);
insert into posts (id, title, content, board_id, writer_id) values (71,'Accumsan', 'Diam urna platea eros facilisis montes.', 2, 6);
insert into posts (id, title, content, board_id, writer_id) values (72,'Auctor', 'Consectetur aliquam orci dictumst tempus molestie id netus fermentum quisque phasellus.', 2, 6);
insert into posts (id, title, content, board_id, writer_id) values (73,'Posuere', 'In eu natoque ridiculus sodales facilisis letius lacus ut consectetur.', 2, 7);
insert into posts (id, title, content, board_id, writer_id) values (74,'Vel', 'Natoque si rutrum vitae pellentesque venenatis tristique nulla.', 2, 7);
insert into posts (id, title, content, board_id, writer_id) values (75,'Arcu', 'Dui lacus volutpat orci pellentesque tempor.', 2, 8);
insert into posts (id, title, content, board_id, writer_id) values (76,'Amet', 'Lectus et himenaeos elementum praesent mauris curae rhoncus conubia eleifend.', 1, 8);
insert into posts (id, title, content, board_id, writer_id) values (77,'Dui', 'Mus bibendum vitae proin habitant ante cursus leo himenaeos sapien ad netus.', 1, 9);
insert into posts (id, title, content, board_id, writer_id) values (78,'Euismod', 'Amet ullamcorper vulputate etiam nam conubia curabitur inceptos.', 1, 9);
insert into posts (id, title, content, board_id, writer_id) values (79,'Pellentesque', 'Nam erat aenean lorem platea maecenas montes sem ultrices vitae ligula.', 1, 10);
insert into posts (id, title, content, board_id, writer_id) values (80,'Himenaeos', 'Lobortis nunc tristique class ornare vitae fusce.', 1, 10);
insert into posts (id, title, content, board_id, writer_id) values (81,'Tristique', 'Consectetuer pulvinar nascetur sagittis penatibus auctor magnis.', 1, 11);
insert into posts (id, title, content, board_id, writer_id) values (82,'Si', 'Elementum ut molestie pretium hac ad laoreet natoque blandit fringilla.', 1, 11);
insert into posts (id, title, content, board_id, writer_id) values (83,'Pulvinar', 'Quisque cubilia taciti iaculis massa magnis litora molestie porta mi.', 1, 12);
insert into posts (id, title, content, board_id, writer_id) values (84,'Venenatis', 'Taciti posuere donec molestie lorem vestibulum dictumst.', 1, 12);
insert into posts (id, title, content, board_id, writer_id) values (85,'Neque', 'Montes aptent porttitor amet dui curae commodo mollis ridiculus.', 1, 13);
insert into posts (id, title, content, board_id, writer_id) values (86,'Penatibus', 'Sollicitudin donec mauris ornare vulputate quisque tortor gravida lobortis per consequat.', 1, 13);
insert into posts (id, title, content, board_id, writer_id) values (87,'Dis', 'Potenti consequat integer leo ut cubilia taciti facilisi.', 1, 14);
insert into posts (id, title, content, board_id, writer_id) values (88,'Penatibus', 'Id dictum tortor ligula taciti commodo donec tincidunt magna quis nunc.', 1, 14);
insert into posts (id, title, content, board_id, writer_id) values (89,'Hendrerit', 'Donec etiam orci habitasse porta malesuada suscipit pulvinar primis vulputate curabitur tellus.', 1, 15);
insert into posts (id, title, content, board_id, writer_id) values (90,'Netus', 'Turpis integer accumsan justo rutrum ac metus ut non amet elit ad.', 1, 15);